,id,Gender,Customer Type,Age,Type of Travel,Class,Flight Distance,Inflight wifi service,Departure/Arrival time convenient,Ease of Online booking,Gate location,Food and drink,Online boarding,Seat comfort,Inflight entertainment,On-board service,Leg room service,Baggage handling,Checkin service,Inflight service,Cleanliness,Departure Delay in Minutes,Arrival Delay in Minutes
0,70172,Male,Loyal Customer,13,Personal Travel,Eco Plus,460,3,4,3,1,5,3,5,5,4,3,4,4,5,5,25,18
1,5047,Male,disloyal Customer,25,Business travel,Business,235,3,2,3,3,1,3,1,1,1,5,3,1,4,1,1,6
2,110028,Female,Loyal Customer,26,Business travel,Business,1142,2,2,2,2,5,5,5,5,4,3,4,4,4,5,0,0
3,24026,Female,Loyal Customer,25,Business travel,Business,562,2,5,5,5,2,2,2,2,2,5,3,1,4,2,11,9
4,119299,Male,Loyal Customer,61,Business travel,Business,214,3,3,3,3,4,5,5,3,3,4,4,3,3,3,0,0
5,111157,Female,Loyal Customer,26,Personal Travel,Eco,1180,3,4,2,1,1,2,1,1,3,4,4,4,4,1,0,0
6,82113,Male,Loyal Customer,47,Personal Travel,Eco,1276,2,4,2,3,2,2,2,2,3,3,4,3,5,2,9,23
7,96462,Female,Loyal Customer,52,Business travel,Business,2035,4,3,4,4,5,5,5,5,5,5,5,4,5,4,4,0
8,79485,Female,Loyal Customer,41,Business travel,Business,853,1,2,2,2,4,3,3,1,1,2,1,4,1,2,0,0
9,65725,Male,disloyal Customer,20,Business travel,Eco,1061,3,3,3,4,2,3,3,2,2,3,4,4,3,2,0,0
10,34991,Female,disloyal Customer,24,Business travel,Eco,1182,4,5,5,4,2,5,2,2,3,3,5,3,5,2,0,0
11,51412,Female,Loyal Customer,12,Personal Travel,Eco Plus,308,2,4,2,2,1,2,1,1,1,2,5,5,5,1,0,0
12,98628,Male,Loyal Customer,53,Business travel,Eco,834,1,4,4,4,1,1,1,1,1,1,3,4,4,1,28,8
13,83502,Male,Loyal Customer,33,Personal Travel,Eco,946,4,2,4,3,4,4,4,4,4,5,2,2,2,4,0,0
14,95789,Female,Loyal Customer,26,Personal Travel,Eco,453,3,2,3,2,2,3,2,2,4,3,2,2,1,2,43,35
15,100580,Male,disloyal Customer,13,Business travel,Eco,486,2,1,2,3,4,2,1,4,2,1,4,1,3,4,1,0
16,71142,Female,Loyal Customer,26,Business travel,Business,2123,3,3,3,3,4,4,4,4,5,3,4,5,4,4,49,51
17,127461,Male,Loyal Customer,41,Business travel,Business,2075,4,4,2,4,4,4,4,5,5,5,5,3,5,5,0,10
18,70354,Female,Loyal Customer,45,Business travel,Business,2486,4,4,4,4,3,4,5,5,5,5,5,3,5,4,7,5
19,66246,Male,Loyal Customer,38,Personal Travel,Eco,460,2,3,3,2,5,3,5,5,1,2,4,3,2,5,17,18
20,39076,Male,Loyal Customer,9,Business travel,Eco,1174,2,4,2,4,2,2,1,2,1,5,3,4,3,2,0,4
21,22434,Female,Loyal Customer,17,Personal Travel,Eco,208,3,1,3,3,5,3,5,5,2,5,3,3,4,5,0,0
22,43510,Female,Loyal Customer,43,Personal Travel,Eco,752,3,5,3,5,5,4,5,3,3,3,5,3,3,4,52,29
23,114090,Female,Loyal Customer,58,Personal Travel,Eco,2139,4,5,4,5,4,3,4,4,4,4,4,2,4,2,0,0
24,105420,Female,disloyal Customer,23,Business travel,Eco,452,5,0,5,1,1,5,1,1,4,5,5,3,5,1,54,44
25,102956,Male,Loyal Customer,57,Personal Travel,Eco,719,4,4,4,1,5,4,5,5,3,2,4,4,5,5,27,28
26,18510,Female,Loyal Customer,33,Business travel,Business,1561,1,1,1,1,1,5,3,4,4,4,3,5,4,2,0,0
27,14925,Female,Loyal Customer,49,Business travel,Eco Plus,315,4,4,4,4,2,2,1,4,4,4,4,2,4,2,0,8
28,118319,Female,Loyal Customer,36,Business travel,Business,3347,3,1,1,1,1,2,1,3,3,3,3,2,3,2,18,12
29,75460,Male,Loyal Customer,22,Personal Travel,Eco,2342,3,2,3,3,3,3,1,3,2,4,3,4,2,3,19,0
30,48492,Female,Loyal Customer,31,Business travel,Business,819,4,4,4,4,5,5,5,5,5,4,3,1,5,5,0,0
31,27809,Female,disloyal Customer,15,Business travel,Eco,1043,2,2,2,3,5,2,5,5,3,1,4,2,4,5,3,0
32,70594,Female,Loyal Customer,35,Business travel,Business,2611,4,5,4,4,4,4,4,3,3,4,5,4,3,4,109,120
33,30089,Female,Loyal Customer,67,Personal Travel,Eco,1192,4,5,4,1,2,4,5,5,5,4,3,5,5,5,18,24
34,58779,Male,disloyal Customer,37,Business travel,Business,1182,3,3,3,4,1,3,1,1,4,1,3,1,4,1,9,0
35,79659,Female,Loyal Customer,40,Business travel,Eco,349,1,4,4,4,1,1,1,1,3,5,3,3,3,1,0,1
36,110293,Female,disloyal Customer,34,Business travel,Business,883,3,4,4,3,5,4,2,5,5,4,5,4,5,5,0,0
37,48014,Male,Loyal Customer,40,Personal Travel,Eco Plus,550,4,3,4,2,2,4,2,2,5,1,4,3,4,2,23,20
38,96517,Female,Loyal Customer,47,Personal Travel,Eco,302,4,4,4,3,2,4,5,4,4,4,4,4,4,4,23,31
39,64685,Male,disloyal Customer,41,Business travel,Business,354,1,1,1,2,1,1,1,1,3,3,4,4,4,1,0,0
40,64138,Male,Loyal Customer,39,Business travel,Business,1734,4,4,4,4,3,5,5,4,4,4,4,4,4,3,0,0
41,60373,Female,disloyal Customer,25,Business travel,Business,1452,3,5,3,4,3,3,3,3,4,4,5,5,5,3,9,23
42,14849,Male,Loyal Customer,41,Business travel,Business,296,0,0,0,3,2,5,3,4,4,4,4,4,4,3,0,0
43,28319,Female,Loyal Customer,38,Business travel,Business,2882,3,3,3,3,2,1,4,5,5,5,5,2,5,4,0,0
44,103012,Female,Loyal Customer,50,Business travel,Business,460,1,1,1,1,3,5,5,3,3,3,3,4,3,5,1,15
45,124114,Male,Loyal Customer,29,Business travel,Business,529,1,1,1,1,5,5,5,5,4,2,5,5,4,5,4,0
46,107794,Female,Loyal Customer,22,Personal Travel,Business,349,2,4,2,1,4,2,4,4,4,5,4,4,5,4,0,0
47,81983,Female,Loyal Customer,13,Business travel,Business,1522,1,1,1,1,1,1,1,1,3,5,3,1,4,1,0,0
48,53164,Male,Loyal Customer,54,Business travel,Business,612,3,3,3,3,5,2,3,5,5,5,5,4,5,3,8,0
49,82042,Male,Loyal Customer,21,Personal Travel,Eco,1454,2,2,2,3,5,2,5,5,2,3,3,1,3,5,0,0
50,72127,Male,Loyal Customer,28,Business travel,Eco,731,2,1,1,1,2,2,2,2,3,3,2,3,3,2,14,8
51,113046,Male,Loyal Customer,27,Business travel,Business,2076,3,3,3,3,4,4,4,4,3,4,4,4,5,4,0,1
52,1050,Female,Loyal Customer,69,Business travel,Eco,309,5,5,5,5,1,2,3,5,5,5,5,4,5,2,0,0
53,54886,Male,Loyal Customer,35,Personal Travel,Eco,775,2,3,2,4,4,2,4,4,4,4,3,4,1,4,1,0
54,125918,Female,Loyal Customer,60,Personal Travel,Eco,861,2,2,2,3,1,3,4,4,4,2,4,4,4,4,10,10
55,7467,Female,Loyal Customer,45,Business travel,Business,3334,2,4,2,2,4,5,5,4,4,4,4,3,4,5,51,48
56,78972,Female,Loyal Customer,57,Business travel,Business,2496,0,0,0,1,3,4,5,5,5,5,5,4,5,5,0,5
57,126625,Male,Loyal Customer,40,Business travel,Business,602,5,5,5,5,2,5,5,5,5,5,5,3,5,4,0,0
58,114501,Female,disloyal Customer,38,Business travel,Business,308,3,3,3,3,4,3,4,4,1,1,4,2,3,4,39,26
59,114813,Male,disloyal Customer,23,Business travel,Eco,446,2,4,2,1,4,2,4,4,4,2,4,5,5,4,4,0
60,32167,Male,disloyal Customer,39,Business travel,Business,216,2,2,2,3,3,2,3,3,2,1,4,2,4,3,0,0
61,68001,Female,Loyal Customer,52,Business travel,Business,3475,2,2,2,2,4,4,4,4,4,4,4,4,4,3,0,0
62,117052,Male,disloyal Customer,25,Business travel,Eco,646,2,1,2,2,4,2,3,4,4,4,3,2,2,4,13,1
63,8661,Female,Loyal Customer,48,Business travel,Business,2501,3,3,3,3,5,4,4,5,5,5,5,4,5,4,0,0
64,57165,Female,Loyal Customer,59,Business travel,Business,2227,5,5,5,5,2,4,4,4,4,4,4,3,4,4,30,15
65,78610,Male,Loyal Customer,25,Business travel,Business,1426,3,3,3,3,4,5,4,4,5,4,4,4,4,4,4,0
66,51058,Male,Loyal Customer,38,Personal Travel,Eco,190,2,4,2,3,4,2,4,4,3,2,4,4,5,4,0,0
67,92027,Male,Loyal Customer,46,Business travel,Business,1532,2,2,2,2,2,4,5,5,5,5,5,5,5,4,0,0
68,115534,Male,Loyal Customer,50,Business travel,Eco,308,2,1,1,1,2,2,2,2,3,2,2,2,3,2,18,12
69,9261,Female,Loyal Customer,38,Business travel,Eco Plus,157,4,4,4,4,4,4,4,4,3,3,1,1,4,4,0,0
70,61033,Female,Loyal Customer,53,Business travel,Business,1506,4,4,4,4,3,4,5,5,5,5,5,4,5,5,0,0
71,75930,Male,Loyal Customer,30,Business travel,Eco Plus,205,3,2,2,2,3,3,3,3,2,5,1,1,2,3,64,49
72,112142,Male,disloyal Customer,39,Business travel,Business,895,2,2,2,4,5,2,5,5,5,4,4,5,5,5,0,2
73,24518,Male,Loyal Customer,66,Personal Travel,Eco Plus,516,1,4,1,2,2,1,2,2,4,4,5,5,5,2,0,37
74,112524,Male,Loyal Customer,45,Personal Travel,Eco,909,3,5,3,2,1,3,1,1,4,4,5,3,4,1,0,0
75,101639,Female,disloyal Customer,25,Business travel,Business,1435,5,1,5,4,1,5,1,1,4,2,5,4,5,1,1,1
76,85018,Male,Loyal Customer,52,Business travel,Business,1190,2,4,4,4,1,4,3,2,2,2,2,1,2,4,0,6
77,106922,Male,Loyal Customer,64,Personal Travel,Eco,1259,4,5,4,2,2,4,2,2,4,5,3,4,4,2,20,5
78,32564,Female,disloyal Customer,50,Business travel,Eco,216,4,0,4,4,4,4,4,4,5,2,1,4,4,4,0,0
79,92242,Female,disloyal Customer,41,Business travel,Business,1670,2,1,1,2,3,2,4,3,3,5,3,4,5,3,0,0
80,73302,Male,Loyal Customer,26,Business travel,Business,3960,1,1,1,1,4,4,4,4,4,2,5,4,4,4,45,48
81,42267,Female,disloyal Customer,25,Business travel,Eco,817,4,4,4,3,3,4,3,3,2,3,2,3,3,3,0,0
82,121358,Female,disloyal Customer,44,Business travel,Business,1670,3,3,3,4,5,3,5,5,3,2,4,2,4,5,0,8
83,65655,Female,disloyal Customer,21,Business travel,Business,861,4,0,4,4,1,4,1,1,3,4,4,4,5,1,0,0
84,88062,Male,Loyal Customer,47,Business travel,Business,406,2,2,2,2,3,5,5,4,4,4,4,5,4,4,44,50
85,91330,Male,Loyal Customer,31,Business travel,Eco Plus,404,4,4,4,4,4,4,4,4,1,2,2,4,2,4,17,3
86,22031,Female,Loyal Customer,57,Personal Travel,Eco Plus,500,3,5,3,2,3,4,5,5,5,3,5,4,5,5,0,0
87,27921,Male,Loyal Customer,44,Personal Travel,Eco,689,3,5,3,4,5,3,2,5,4,4,5,3,5,5,0,0
88,51947,Male,Loyal Customer,45,Business travel,Business,3100,3,3,3,3,1,1,3,4,4,4,4,3,4,1,0,0
89,40017,Male,disloyal Customer,13,Business travel,Eco,525,2,2,2,3,3,2,3,3,3,1,3,1,4,3,0,0
90,76392,Male,Loyal Customer,60,Personal Travel,Eco,931,0,5,0,3,4,0,3,4,4,5,5,4,5,4,0,0
91,118486,Female,disloyal Customer,41,Business travel,Business,304,5,5,5,3,2,5,2,2,3,4,4,4,4,2,31,19
92,6012,Male,Loyal Customer,30,Business travel,Business,1896,4,1,1,1,4,4,4,4,2,2,3,4,2,4,81,72
93,30183,Female,Loyal Customer,51,Business travel,Eco Plus,261,5,4,4,4,4,3,1,5,5,5,5,1,5,1,0,0
94,41652,Female,Loyal Customer,61,Business travel,Eco,347,2,5,5,5,5,2,4,3,3,2,3,3,3,4,0,11
95,15138,Female,Loyal Customer,32,Business travel,Eco,1042,4,1,1,1,4,4,4,4,4,3,1,5,2,4,35,34
96,123589,Female,Loyal Customer,39,Personal Travel,Eco,1773,4,5,4,5,5,4,5,5,2,2,3,3,1,5,14,18
97,114534,Male,Loyal Customer,19,Personal Travel,Business,342,3,1,3,2,3,3,3,3,2,1,3,1,3,3,0,0
98,93076,Female,Loyal Customer,15,Personal Travel,Eco Plus,297,1,5,1,3,5,1,5,5,5,1,1,3,4,5,67,62
99,96963,Female,disloyal Customer,42,Business travel,Business,883,3,3,3,3,3,3,4,3,5,2,4,3,4,3,22,27
100,85494,Female,Loyal Customer,16,Personal Travel,Eco,332,2,5,2,1,3,2,4,3,5,4,5,4,4,3,40,52
101,72989,Male,Loyal Customer,19,Business travel,Business,2388,5,5,5,5,4,5,4,4,5,5,1,5,4,4,0,0
102,42357,Female,Loyal Customer,29,Personal Travel,Eco,748,2,5,2,2,5,2,1,5,4,2,4,3,5,5,0,0
103,23040,Female,disloyal Customer,27,Business travel,Eco Plus,1080,3,3,3,3,3,3,3,3,4,1,3,3,3,3,0,0
104,65420,Male,disloyal Customer,22,Business travel,Business,231,5,0,5,4,5,5,5,5,3,4,4,3,1,5,0,0
105,65045,Female,Loyal Customer,15,Personal Travel,Eco,551,3,4,3,3,4,3,4,4,1,1,4,2,1,4,3,0
106,37373,Male,disloyal Customer,11,Business travel,Eco,972,1,1,1,3,1,1,1,1,4,3,4,2,1,1,0,0
107,44405,Female,Loyal Customer,34,Personal Travel,Eco,265,4,3,4,3,5,4,5,5,2,5,2,1,4,5,0,23
108,16653,Female,disloyal Customer,26,Business travel,Eco,488,2,0,2,4,1,2,1,1,3,2,5,1,3,1,0,0
109,71655,Female,Loyal Customer,26,Personal Travel,Eco,1144,3,5,2,2,4,2,4,4,5,4,5,3,5,4,0,0
110,77591,Male,Loyal Customer,53,Business travel,Business,2332,5,5,5,5,5,5,5,4,4,5,4,4,4,3,0,3
111,4585,Male,Loyal Customer,36,Business travel,Business,3024,4,2,2,2,1,3,4,4,4,4,4,4,4,1,30,13
112,108347,Male,Loyal Customer,32,Business travel,Business,1750,1,5,4,5,1,1,1,1,1,1,2,4,3,1,0,0
113,23400,Male,Loyal Customer,20,Personal Travel,Eco,483,2,3,2,3,5,2,5,5,5,2,3,2,4,5,91,82
114,31010,Female,Loyal Customer,35,Business travel,Business,2128,2,2,2,2,1,5,1,4,4,4,4,5,4,4,0,0
115,57513,Male,Loyal Customer,15,Personal Travel,Eco,235,2,4,2,1,1,2,1,1,3,3,4,4,4,1,1,10
116,20979,Male,Loyal Customer,52,Personal Travel,Eco,689,2,5,2,3,3,2,3,3,1,1,2,2,2,3,0,0
117,95841,Male,Loyal Customer,45,Business travel,Business,1852,1,1,1,1,5,5,4,2,2,2,2,5,2,5,0,0
118,114684,Female,disloyal Customer,24,Business travel,Eco,372,4,4,4,3,3,4,5,3,5,4,4,4,4,3,21,23
119,111667,Female,Loyal Customer,46,Business travel,Business,3705,4,3,3,3,4,3,4,4,4,4,4,4,4,4,4,0
120,20101,Male,disloyal Customer,26,Business travel,Eco,416,3,0,3,3,1,3,1,1,3,5,2,3,3,1,0,9
121,63212,Male,Loyal Customer,28,Business travel,Eco,337,4,1,1,1,4,4,4,4,1,3,2,3,2,4,3,0
122,8256,Male,Loyal Customer,11,Personal Travel,Eco,335,1,5,1,3,3,1,3,3,4,2,4,5,5,3,0,0
123,56161,Male,Loyal Customer,45,Business travel,Business,1400,5,5,5,5,2,5,5,4,4,4,4,3,4,5,4,9
124,121196,Male,Loyal Customer,62,Personal Travel,Eco,2521,4,5,4,3,4,1,1,5,3,5,4,1,4,1,7,30
125,23788,Female,Loyal Customer,34,Business travel,Business,374,3,3,3,3,4,4,1,4,4,4,4,5,4,3,0,0
126,129579,Male,Loyal Customer,51,Business travel,Business,308,2,2,2,2,4,5,5,4,4,4,4,3,4,5,17,8
127,127516,Female,Loyal Customer,58,Business travel,Eco Plus,575,1,4,4,4,2,3,4,2,2,1,2,2,2,4,14,16
128,18012,Male,Loyal Customer,22,Personal Travel,Eco,618,3,5,3,2,3,3,3,3,4,5,4,5,5,3,0,0
129,45561,Male,Loyal Customer,8,Business travel,Eco,1304,4,4,4,4,4,4,4,4,2,2,4,2,1,4,0,0
130,5228,Male,disloyal Customer,26,Business travel,Business,351,4,4,4,3,2,4,2,2,4,5,4,4,5,2,4,11
131,18311,Female,Loyal Customer,22,Personal Travel,Eco,549,4,0,4,3,3,4,1,3,3,2,5,4,5,3,15,3
132,59891,Female,Loyal Customer,21,Business travel,Business,3510,3,1,1,1,3,2,3,3,3,3,3,1,3,3,0,0
133,60651,Male,Loyal Customer,31,Business travel,Business,1620,3,2,4,2,3,3,3,3,2,2,2,3,4,3,0,0
134,51013,Female,Loyal Customer,44,Personal Travel,Eco,326,2,0,2,2,2,3,5,1,1,2,1,2,1,5,0,0
135,91746,Male,Loyal Customer,27,Business travel,Business,588,2,2,2,2,5,5,5,5,5,2,5,3,5,5,0,0
136,4233,Female,Loyal Customer,47,Business travel,Business,1020,3,1,3,3,2,4,5,5,5,5,5,3,5,5,0,0
137,14187,Male,Loyal Customer,24,Business travel,Business,2903,3,3,3,3,3,3,3,3,4,2,2,2,2,3,0,0
138,19669,Male,Loyal Customer,67,Business travel,Business,2659,1,1,1,1,1,3,3,1,1,1,1,1,1,1,0,0
139,31147,Male,Loyal Customer,32,Business travel,Business,3037,2,2,2,2,4,4,4,4,4,1,1,3,5,4,0,0
140,128842,Female,Loyal Customer,58,Personal Travel,Eco,2475,4,4,4,3,4,1,1,3,3,3,4,1,3,1,29,10
141,27562,Male,Loyal Customer,12,Personal Travel,Eco,978,4,5,4,5,1,4,1,1,3,4,4,5,4,1,0,0
142,775,Female,Loyal Customer,56,Business travel,Business,2568,3,1,1,1,5,3,2,3,3,3,3,3,3,4,0,0
143,14070,Female,Loyal Customer,58,Personal Travel,Business,371,3,5,5,1,2,3,5,1,1,5,1,3,1,3,0,0
144,106007,Male,disloyal Customer,24,Business travel,Eco,791,3,3,3,3,5,3,5,5,2,1,3,1,3,5,39,6
145,116004,Male,Loyal Customer,68,Personal Travel,Eco,480,3,4,3,3,5,3,5,5,2,4,3,4,4,5,7,6
146,68886,Male,Loyal Customer,46,Business travel,Business,1786,1,1,1,1,3,5,5,5,5,5,5,5,5,3,1,7
147,72413,Male,Loyal Customer,43,Business travel,Business,1849,2,2,2,2,2,4,4,3,3,4,3,3,3,4,0,7
148,73604,Female,Loyal Customer,55,Business travel,Business,3634,0,4,0,4,4,5,5,4,4,1,1,4,4,3,0,0
149,48415,Female,Loyal Customer,54,Personal Travel,Business,844,4,5,5,2,2,4,4,3,3,5,3,3,3,4,0,0
150,105708,Female,Loyal Customer,42,Business travel,Business,3094,5,5,5,5,4,4,5,2,2,2,2,5,2,3,0,10
151,65579,Female,Loyal Customer,47,Business travel,Business,3465,1,3,3,3,3,3,4,1,1,1,1,1,1,4,13,15
152,73058,Female,disloyal Customer,29,Business travel,Business,1035,1,1,1,1,5,1,5,5,4,4,4,4,4,5,0,0
153,65585,Female,Loyal Customer,36,Business travel,Eco,237,2,4,4,4,2,2,2,2,2,4,2,1,1,2,0,0
154,8346,Female,Loyal Customer,50,Business travel,Business,3175,4,4,4,4,2,4,5,5,5,5,5,4,5,3,0,0
155,79678,Female,Loyal Customer,31,Personal Travel,Eco,760,4,2,4,4,1,4,1,1,3,4,4,4,4,1,17,27
156,112483,Male,Loyal Customer,13,Personal Travel,Eco,853,1,4,1,4,4,1,4,4,5,2,5,4,4,4,105,122
157,31698,Male,disloyal Customer,24,Business travel,Eco,446,3,4,4,4,5,4,5,5,4,4,4,2,4,5,0,0
158,74030,Female,Loyal Customer,60,Business travel,Business,1071,2,2,2,2,4,5,1,3,3,4,3,5,3,1,0,0
159,124931,Female,Loyal Customer,42,Personal Travel,Eco,728,2,3,2,3,5,3,4,3,3,2,3,3,3,2,0,3
160,73924,Female,Loyal Customer,57,Business travel,Business,2585,2,2,2,2,4,4,4,4,3,5,4,4,3,4,0,0
161,76073,Female,Loyal Customer,42,Business travel,Business,707,2,2,4,2,2,5,4,3,3,4,3,4,3,3,27,11
162,104623,Male,disloyal Customer,20,Business travel,Eco,861,0,0,0,5,2,0,2,2,4,3,5,3,5,2,0,0
163,58523,Female,Loyal Customer,51,Personal Travel,Eco,719,3,5,2,4,3,5,4,4,4,2,4,4,4,3,19,0
164,121929,Male,Loyal Customer,45,Business travel,Business,1790,2,5,2,2,2,4,5,5,5,5,5,3,5,4,0,0
165,30704,Female,Loyal Customer,26,Business travel,Eco Plus,680,5,5,5,5,5,5,5,5,1,4,5,1,3,5,12,27
166,58896,Male,disloyal Customer,26,Business travel,Eco,888,2,2,2,3,5,2,5,5,4,3,3,2,4,5,51,30
167,26920,Female,Loyal Customer,24,Personal Travel,Eco,1660,2,1,2,3,3,2,5,3,1,4,2,2,2,3,0,2
168,13884,Male,Loyal Customer,49,Business travel,Eco,578,5,1,1,1,5,5,5,1,1,1,4,5,4,5,162,179
169,87681,Female,Loyal Customer,17,Business travel,Eco,606,5,1,4,1,5,5,4,5,5,1,2,5,3,5,15,15
170,81719,Female,Loyal Customer,39,Business travel,Business,1487,3,3,3,3,4,4,5,4,4,4,4,4,4,3,7,0
171,85554,Female,Loyal Customer,49,Business travel,Business,317,0,1,1,1,3,4,5,4,4,4,4,4,4,5,0,0
172,12645,Female,Loyal Customer,48,Personal Travel,Eco,844,3,4,4,3,4,4,4,4,4,4,4,3,4,3,0,1
173,101275,Male,Loyal Customer,52,Business travel,Business,3747,5,5,5,5,2,4,5,4,4,4,4,5,4,5,24,20
174,95982,Female,Loyal Customer,25,Business travel,Business,2748,4,4,4,4,3,3,3,3,3,2,4,5,4,3,0,0
175,74610,Female,Loyal Customer,16,Business travel,Business,1503,3,5,5,5,3,3,3,3,2,4,3,2,3,3,0,0
176,76449,Male,Loyal Customer,58,Business travel,Business,1717,1,1,1,1,2,4,5,4,4,4,4,5,4,4,0,0
177,14030,Male,disloyal Customer,8,Business travel,Business,1117,4,3,4,3,3,4,3,3,4,5,4,4,3,3,0,7
178,69692,Male,Loyal Customer,42,Business travel,Business,1372,3,3,5,3,4,4,4,5,4,5,4,4,3,4,141,125
179,47648,Female,Loyal Customer,52,Business travel,Business,2768,4,1,1,1,2,4,4,4,4,3,4,2,4,4,0,0
180,52168,Female,Loyal Customer,47,Business travel,Eco,370,5,3,3,3,2,1,1,5,5,5,5,3,5,4,0,0
181,60251,Female,Loyal Customer,69,Personal Travel,Eco,1546,1,5,1,2,4,3,4,1,1,1,1,4,1,3,1,26
182,35881,Female,Loyal Customer,47,Personal Travel,Eco,1023,2,3,3,3,5,3,3,4,4,3,1,3,4,4,0,0
183,28852,Female,Loyal Customer,41,Business travel,Business,3636,1,1,1,1,3,5,4,4,4,4,4,5,4,2,0,0
184,55341,Female,Loyal Customer,40,Personal Travel,Eco,1325,4,4,4,3,1,4,1,1,4,2,4,5,5,1,0,9
185,84553,Female,Loyal Customer,56,Personal Travel,Eco,2556,1,4,1,3,3,3,1,5,5,1,5,1,5,2,0,0
186,100249,Male,Loyal Customer,41,Business travel,Business,1052,2,2,2,2,4,4,4,4,4,4,4,3,4,4,6,0
187,2463,Female,Loyal Customer,40,Business travel,Eco,773,3,4,4,4,3,3,3,3,2,5,4,4,4,3,15,26
188,22924,Male,Loyal Customer,12,Personal Travel,Business,817,2,3,2,2,1,2,1,1,1,3,5,3,2,1,0,0
189,25542,Male,Loyal Customer,59,Personal Travel,Eco,516,4,5,3,4,1,3,1,1,5,3,4,5,4,1,3,0
190,115972,Female,Loyal Customer,21,Personal Travel,Eco,447,1,5,1,1,2,1,2,2,3,5,5,3,4,2,34,19
191,2980,Male,Loyal Customer,12,Personal Travel,Eco,462,2,4,2,3,2,2,2,2,3,4,2,2,1,2,0,0
192,125097,Male,Loyal Customer,31,Business travel,Eco,361,1,5,5,5,1,1,1,1,2,5,3,4,4,1,0,0
193,46701,Female,Loyal Customer,37,Personal Travel,Eco,125,3,2,3,3,2,3,2,2,3,3,3,4,3,2,6,4
194,108006,Female,Loyal Customer,38,Personal Travel,Eco,271,4,0,5,3,2,5,2,2,4,2,4,3,5,2,0,0
195,19578,Male,Loyal Customer,45,Personal Travel,Eco,173,2,5,0,1,2,0,5,2,5,5,4,4,4,2,0,0
196,59508,Male,Loyal Customer,43,Business travel,Business,1950,3,3,3,3,4,5,4,4,4,4,4,3,4,5,0,0
197,56446,Female,Loyal Customer,52,Personal Travel,Eco,719,1,5,2,2,3,5,5,3,3,2,3,3,3,3,0,17
198,48800,Female,Loyal Customer,57,Business travel,Business,153,3,4,4,4,5,3,4,2,2,2,3,4,2,2,0,0
199,129592,Female,Loyal Customer,13,Personal Travel,Business,337,2,3,2,3,1,2,1,1,4,5,2,5,5,1,0,18
200,114039,Female,Loyal Customer,45,Business travel,Business,3732,5,5,5,5,5,5,5,5,5,5,5,3,5,4,17,0
201,66800,Female,Loyal Customer,43,Business travel,Business,3854,5,5,5,5,5,4,4,5,5,5,5,5,5,3,0,0
202,106799,Male,Loyal Customer,53,Business travel,Eco,977,2,4,2,4,2,2,2,2,3,2,3,2,3,2,20,17
203,47057,Male,Loyal Customer,23,Business travel,Business,3073,4,4,1,4,5,5,5,5,1,3,1,3,3,5,0,3
204,61824,Female,Loyal Customer,16,Personal Travel,Eco,1379,2,5,2,2,2,2,2,2,5,2,4,3,5,2,2,0
205,68207,Male,Loyal Customer,23,Business travel,Eco,631,2,2,2,2,2,1,1,2,3,5,4,3,4,2,0,8
206,125512,Male,Loyal Customer,45,Personal Travel,Eco,666,2,5,2,4,4,2,4,4,4,5,5,4,5,4,0,0
207,93019,Female,Loyal Customer,46,Business travel,Business,2820,2,2,2,2,2,1,2,5,5,5,5,2,5,3,1,0
208,87296,Female,Loyal Customer,49,Personal Travel,Eco,577,2,5,2,2,3,4,5,1,1,2,1,4,1,3,23,2
209,76748,Female,Loyal Customer,40,Business travel,Business,2808,4,3,3,3,3,3,4,3,3,3,4,4,3,3,7,2
210,85879,Female,Loyal Customer,19,Business travel,Business,2172,5,5,5,5,4,4,4,4,4,4,4,4,4,4,0,0
211,63961,Female,Loyal Customer,48,Personal Travel,Eco,1192,4,2,4,3,4,3,3,1,1,4,2,3,1,1,0,0
212,94760,Female,Loyal Customer,64,Business travel,Business,1773,2,4,3,4,5,3,3,2,2,3,2,4,2,4,0,0
213,49608,Female,Loyal Customer,38,Business travel,Eco,109,5,3,3,3,5,5,5,5,5,2,4,1,1,5,31,
214,80520,Male,Loyal Customer,23,Personal Travel,Eco,1749,2,1,1,4,3,1,3,3,1,1,4,2,3,3,97,89
215,23328,Female,Loyal Customer,38,Business travel,Business,3753,2,2,2,2,1,1,5,4,4,4,4,4,4,1,0,0
216,13560,Male,Loyal Customer,41,Personal Travel,Eco,214,1,4,1,2,2,1,1,2,4,3,5,4,5,2,16,34
217,119121,Male,Loyal Customer,29,Personal Travel,Eco,1020,1,4,1,4,1,1,1,1,3,3,3,4,3,1,0,0
218,42917,Male,Loyal Customer,47,Business travel,Eco Plus,368,5,1,2,1,4,5,4,4,5,5,2,4,3,4,0,0
219,52954,Male,Loyal Customer,50,Personal Travel,Eco Plus,1448,2,3,2,5,4,2,4,4,4,3,4,3,1,4,20,4
220,83112,Female,Loyal Customer,18,Personal Travel,Eco,1127,2,5,2,3,3,2,3,3,4,4,4,3,5,3,0,0
221,88574,Female,Loyal Customer,20,Personal Travel,Eco,545,2,0,2,3,5,2,1,5,3,4,3,3,1,5,4,0
222,111570,Female,Loyal Customer,41,Business travel,Business,3238,2,2,2,2,5,4,5,4,4,4,4,3,4,4,0,0
223,28662,Female,Loyal Customer,12,Personal Travel,Eco,2466,2,4,2,3,1,2,1,1,4,4,5,4,4,1,0,0
224,27177,Female,Loyal Customer,36,Personal Travel,Eco,2715,2,3,2,3,2,3,2,4,5,3,3,2,3,2,0,0
225,129585,Male,Loyal Customer,49,Business travel,Business,337,3,4,3,3,4,5,5,4,4,4,4,5,4,3,10,0
226,35759,Female,Loyal Customer,55,Personal Travel,Eco,1608,2,2,2,4,2,3,4,5,5,2,5,3,5,2,0,0
227,49475,Female,Loyal Customer,43,Business travel,Business,3004,3,3,3,3,2,4,3,2,2,2,3,1,2,2,0,0
228,78904,Female,disloyal Customer,49,Business travel,Business,980,2,2,2,2,3,2,3,3,3,5,5,4,4,3,11,6
229,29619,Female,disloyal Customer,35,Business travel,Eco,1462,1,1,1,1,3,1,3,3,1,5,1,3,2,3,0,0
230,77512,Male,Loyal Customer,45,Business travel,Business,1521,1,1,3,1,3,5,4,5,5,5,5,4,5,4,0,0
231,31631,Female,Loyal Customer,28,Business travel,Business,862,5,5,5,5,5,5,5,5,2,3,1,1,2,5,9,5
232,38913,Male,Loyal Customer,60,Business travel,Business,1833,4,4,4,4,1,4,5,4,4,4,4,1,4,2,0,0
233,35366,Male,Loyal Customer,35,Business travel,Business,2398,2,4,2,4,1,3,2,2,2,2,2,4,2,3,0,9
234,111817,Female,disloyal Customer,38,Business travel,Business,349,3,3,3,5,4,3,4,4,5,4,4,5,5,4,29,28
235,12259,Male,Loyal Customer,48,Business travel,Business,1722,4,5,4,4,4,2,3,4,4,4,4,2,4,1,0,0
236,19790,Female,Loyal Customer,65,Personal Travel,Eco,578,2,4,3,4,2,4,4,3,3,3,3,4,3,3,99,101
237,33260,Male,Loyal Customer,30,Personal Travel,Eco Plus,163,3,5,3,2,1,3,1,1,4,2,4,5,5,1,9,11
238,107079,Female,Loyal Customer,51,Personal Travel,Eco,395,2,4,5,1,2,4,5,3,3,5,3,1,3,1,0,0
239,15174,Male,disloyal Customer,23,Business travel,Eco,416,5,0,5,2,4,5,4,4,3,5,5,3,2,4,18,4
240,23620,Female,Loyal Customer,37,Business travel,Eco,977,3,4,4,4,3,3,3,3,2,2,3,3,3,3,0,0
241,18128,Male,Loyal Customer,23,Business travel,Business,3095,5,5,5,5,5,5,3,5,2,5,4,3,3,5,9,0
242,105291,Male,Loyal Customer,32,Business travel,Business,738,4,4,4,4,4,4,4,4,4,2,4,3,3,4,0,3
243,56451,Male,Loyal Customer,67,Personal Travel,Eco,719,3,3,3,4,1,3,1,1,2,2,3,1,5,1,24,14
244,102068,Male,Loyal Customer,65,Personal Travel,Business,226,1,4,1,1,5,5,4,4,4,1,4,5,4,3,37,20
245,57995,Female,Loyal Customer,48,Business travel,Business,1943,1,1,1,1,3,5,5,5,5,5,5,4,5,5,0,0
246,146,Male,Loyal Customer,60,Business travel,Business,2371,4,4,4,4,2,4,5,4,4,4,4,3,4,3,66,61
247,18770,Female,Loyal Customer,31,Business travel,Business,551,3,1,1,1,3,3,3,3,3,4,3,4,4,3,53,48
248,42774,Male,Loyal Customer,22,Business travel,Eco Plus,493,4,1,5,5,4,4,4,4,2,4,2,3,4,4,19,6
249,13776,Male,disloyal Customer,27,Business travel,Eco,925,2,2,2,5,5,2,5,5,2,5,5,1,4,5,4,3
250,103702,Female,Loyal Customer,19,Personal Travel,Eco,405,2,2,2,4,1,2,1,1,3,2,4,4,3,1,0,0
251,69826,Female,disloyal Customer,26,Business travel,Eco,1055,3,3,3,4,4,3,4,4,3,5,4,2,4,4,0,0
252,57906,Male,Loyal Customer,72,Business travel,Eco,305,4,3,3,3,4,4,4,4,2,3,3,1,3,4,0,0
253,31358,Female,Loyal Customer,34,Business travel,Business,589,5,5,5,5,1,1,5,5,5,5,5,5,5,5,0,11
254,92805,Female,Loyal Customer,45,Business travel,Business,1587,2,2,2,2,4,4,4,4,4,4,4,4,4,3,0,0
255,104375,Male,Loyal Customer,51,Business travel,Business,3090,2,4,4,4,3,3,4,2,2,2,2,4,2,1,0,0
256,109896,Female,disloyal Customer,26,Business travel,Eco,804,2,2,2,3,4,2,3,4,1,4,4,1,4,4,7,0
257,102955,Female,Loyal Customer,12,Personal Travel,Eco,719,3,4,3,3,1,3,1,1,5,2,4,4,4,1,0,0
258,44736,Female,Loyal Customer,72,Business travel,Eco Plus,67,2,5,3,5,2,3,4,3,3,2,3,4,3,3,28,18
259,28135,Male,Loyal Customer,45,Business travel,Eco,550,4,2,4,4,4,4,4,4,4,4,3,5,5,4,0,0
260,55871,Female,Loyal Customer,22,Business travel,Business,2809,2,2,2,2,5,5,5,5,3,4,4,5,4,5,36,28
261,8818,Female,Loyal Customer,53,Personal Travel,Eco,552,4,4,4,1,4,5,4,5,5,4,5,4,5,5,0,0
262,86148,Female,disloyal Customer,33,Business travel,Business,356,3,3,3,4,4,3,4,4,4,5,5,5,5,4,12,0
263,120162,Female,Loyal Customer,46,Personal Travel,Business,119,4,0,4,1,5,5,4,4,4,4,4,3,4,3,13,32
264,117547,Male,Loyal Customer,54,Business travel,Business,1545,2,2,2,2,5,5,5,5,5,5,5,4,5,4,1,0
265,112385,Female,Loyal Customer,40,Business travel,Eco,819,4,2,3,3,4,4,4,4,1,2,3,1,3,4,23,6
266,19908,Female,Loyal Customer,37,Business travel,Business,1801,2,4,3,3,4,4,3,2,2,2,2,1,2,4,0,0
267,45098,Female,Loyal Customer,35,Business travel,Business,1658,2,2,5,2,1,2,1,5,5,5,3,3,5,3,6,6
268,43810,Female,disloyal Customer,26,Business travel,Business,114,4,0,5,3,4,5,4,4,4,2,5,4,4,4,0,13
269,22981,Female,Loyal Customer,62,Business travel,Eco,128,4,3,3,3,2,5,1,5,5,4,5,3,5,1,0,16
270,68134,Male,Loyal Customer,58,Business travel,Business,813,1,1,1,1,5,5,5,3,3,3,3,5,3,3,0,0
271,23518,Female,Loyal Customer,55,Personal Travel,Eco,349,2,3,2,3,2,3,5,2,2,2,2,5,2,3,0,0
272,109188,Female,Loyal Customer,60,Business travel,Business,1508,3,1,1,1,2,2,2,3,3,3,3,2,3,2,15,15
273,1150,Female,Loyal Customer,15,Personal Travel,Eco,89,3,5,3,4,5,3,1,5,5,5,4,3,5,5,0,0
274,44586,Male,Loyal Customer,67,Personal Travel,Eco,157,4,1,4,3,5,4,5,5,4,5,3,4,3,5,45,33
275,84299,Male,Loyal Customer,43,Business travel,Business,2828,0,1,1,2,5,5,4,3,3,3,3,5,3,5,39,41
276,103793,Male,Loyal Customer,30,Business travel,Business,3131,1,1,1,1,5,4,5,5,5,5,4,5,5,5,7,0
277,35032,Female,Loyal Customer,42,Business travel,Eco,718,5,1,4,1,3,3,3,5,5,5,5,3,5,1,0,0
278,103291,Male,Loyal Customer,40,Business travel,Business,1959,3,3,3,3,4,4,4,4,3,5,5,4,5,4,209,191
279,93909,Male,Loyal Customer,47,Business travel,Business,3496,2,2,2,2,2,4,5,5,5,5,5,4,5,4,0,2
280,127925,Male,Loyal Customer,38,Business travel,Business,2300,4,2,2,2,4,4,3,4,4,4,4,3,4,2,60,37
281,128097,Female,Loyal Customer,25,Personal Travel,Eco,2845,3,0,3,5,3,3,3,1,1,3,2,3,3,3,0,1
282,26149,Male,disloyal Customer,26,Business travel,Eco,406,3,5,3,4,3,3,3,5,5,4,1,3,4,3,149,138
283,95886,Male,Loyal Customer,66,Personal Travel,Eco,580,2,4,2,3,4,2,4,4,5,3,5,3,4,4,26,13
284,125425,Female,Loyal Customer,69,Business travel,Eco,735,1,4,4,4,3,3,4,1,1,1,1,4,1,2,12,4
285,120078,Female,Loyal Customer,22,Business travel,Business,1722,2,5,5,5,2,2,2,2,2,4,3,3,3,2,0,53
286,60625,Male,Loyal Customer,8,Personal Travel,Eco Plus,1201,2,5,2,3,3,2,3,3,4,2,1,5,5,3,24,14
287,115031,Female,disloyal Customer,37,Business travel,Business,372,5,5,5,4,4,5,4,4,4,4,5,3,4,4,11,0
288,37077,Female,Loyal Customer,69,Personal Travel,Eco,1072,1,5,1,5,4,4,4,1,1,1,1,4,1,4,18,7
289,69252,Male,Loyal Customer,28,Business travel,Eco,733,4,2,2,2,4,4,4,4,3,4,3,3,4,4,15,22
290,12194,Male,Loyal Customer,51,Business travel,Eco Plus,1075,2,4,1,4,2,2,2,2,1,2,4,4,3,2,5,0
291,80188,Female,Loyal Customer,46,Personal Travel,Eco,2586,3,1,3,3,3,4,4,2,4,4,3,4,1,4,59,57
292,10430,Male,disloyal Customer,39,Business travel,Business,140,4,4,4,3,4,4,2,4,3,4,4,4,4,4,0,7
293,21262,Female,disloyal Customer,21,Business travel,Eco Plus,903,4,3,4,4,1,4,1,1,4,5,3,1,4,1,35,28
294,55236,Male,Loyal Customer,46,Business travel,Business,2423,4,4,4,4,2,4,4,4,4,4,4,5,4,5,1,0
295,126917,Female,Loyal Customer,36,Business travel,Business,3130,2,2,2,2,5,5,5,5,5,5,5,5,5,3,62,65
296,112190,Male,Loyal Customer,60,Business travel,Business,2198,3,3,3,3,3,4,4,4,4,4,4,3,4,3,23,4
297,16342,Male,Loyal Customer,23,Business travel,Eco Plus,602,2,5,5,5,2,2,1,2,3,4,4,4,4,2,21,44
298,2201,Male,Loyal Customer,52,Personal Travel,Eco,685,4,4,4,5,4,4,4,4,3,4,5,5,4,4,0,0
